Acl,2.3.2,https://download.savannah.gnu.org/releases/acl/acl-@.tar.xz,590765dee95907dbc3c856f7255bd669
Attr,2.5.2,https://download.savannah.gnu.org/releases/attr/attr-@.tar.gz,227043ec2f6ca03c0948df5517f9c927
Autoconf,2.72,https://ftp.gnu.org/gnu/autoconf/autoconf-@.tar.xz,1be79f7106ab6767f18391c5e22be701
Automake,1.16.5,https://ftp.gnu.org/gnu/automake/automake-@.tar.xz,4017e96f89fca45ca946f1c5db6be714
Bash,5.2.21,https://ftp.gnu.org/gnu/bash/bash-@.tar.gz,ad5b38410e3bf0e9bcc20e2765f5e3f9
Bc,6.7.5,https://github.com/gavinhoward/bc/releases/download/6.7.5/bc-@.tar.xz,e249b1f86f886d6fb71c15f72b65dd3d
Binutils,2.42,https://sourceware.org/pub/binutils/releases/binutils-@.tar.xz,a075178a9646551379bfb64040487715
Bison,3.8.2,https://ftp.gnu.org/gnu/bison/bison-@.tar.xz,c28f119f405a2304ff0a7ccdcc629713
Bzip2,1.0.8,https://www.sourceware.org/pub/bzip2/bzip2-@.tar.gz,67e051268d0c475ea773822f7500d0e5
Check,0.15.2,https://github.com/libcheck/check/releases/download/0.15.2/check-@.tar.gz,50fcafcecde5a380415b12e9c574e0b2
Coreutils,9.4,https://ftp.gnu.org/gnu/coreutils/coreutils-@.tar.xz,459e9546074db2834eefe5421f250025
DejaGNU,1.6.3,https://ftp.gnu.org/gnu/dejagnu/dejagnu-@.tar.gz,68c5208c58236eba447d7d6d1326b821
Diffutils,3.10,https://ftp.gnu.org/gnu/diffutils/diffutils-@.tar.xz,2745c50f6f4e395e7b7d52f902d075bf
E2fsprogs,1.47.0,https://downloads.sourceforge.net/project/e2fsprogs/e2fsprogs/v1.47.0/e2fsprogs-@.tar.gz,6b4f18a33873623041857b4963641ee9
Elfutils,0.190,https://sourceware.org/ftp/elfutils/0.190/elfutils-@.tar.bz2,79ad698e61a052bea79e77df6a08bc4b
Expat,2.6.2,https://prdownloads.sourceforge.net/expat/expat-@.tar.xz,0cb75c8feb842c0794ba89666b762a2d
Expect,5.45.4,https://prdownloads.sourceforge.net/expect/expect@.tar.gz,00fce8de158422f5ccd2666512329bd2
File,5.45,https://astron.com/pub/file/file-@.tar.gz,26b2a96d4e3a8938827a1e572afd527a
Findutils,4.9.0,https://ftp.gnu.org/gnu/findutils/findutils-@.tar.xz,4a4a547e888a944b2f3af31d789a1137
Flex,2.6.4,https://github.com/westes/flex/releases/download/v2.6.4/flex-@.tar.gz,2882e3179748cc9f9c23ec593d6adc8d
Flit'-core,3.9.0,https://pypi.org/packages/source/f/flit-core/flit_core-@.tar.gz,3bc52f1952b9a78361114147da63c35b
Gawk,5.3.0,https://ftp.gnu.org/gnu/gawk/gawk-@.tar.xz,97c5a7d83f91a7e1b2035ebbe6ac7abd
GCC,13.2.0,https://ftp.gnu.org/gnu/gcc/gcc-13.2.0/gcc-@.tar.xz,e0e48554cc6e4f261d55ddee9ab69075
GDBM,1.23,https://ftp.gnu.org/gnu/gdbm/gdbm-@.tar.gz,8551961e36bf8c70b7500d255d3658ec
Gettext,0.22.4,https://ftp.gnu.org/gnu/gettext/gettext-@.tar.xz,2d8507d003ef3ddd1c172707ffa97ed8
Glibc,2.39,https://ftp.gnu.org/gnu/glibc/glibc-@.tar.xz,be81e87f72b5ea2c0ffe2bedfeb680c6
GMP,6.3.0,https://ftp.gnu.org/gnu/gmp/gmp-@.tar.xz,956dc04e864001a9c22429f761f2c283
Gperf,3.1,https://ftp.gnu.org/gnu/gperf/gperf-@.tar.gz,9e251c0a618ad0824b51117d5d9db87e
Grep,3.11,https://ftp.gnu.org/gnu/grep/grep-@.tar.xz,7c9bbd74492131245f7cdb291fa142c0
Groff,1.23.0,https://ftp.gnu.org/gnu/groff/groff-@.tar.gz,5e4f40315a22bb8a158748e7d5094c7d
GRUB,2.12,https://ftp.gnu.org/gnu/grub/grub-@.tar.xz,60c564b1bdc39d8e43b3aab4bc0fb140
Gzip,1.13,https://ftp.gnu.org/gnu/gzip/gzip-@.tar.xz,d5c9fc9441288817a4a0be2da0249e29
Iana-Etc,20240125,https://github.com/Mic92/iana-etc/releases/download/20240125/iana-etc-@.tar.gz,aed66d04de615d76c70890233081e584
Inetutils,2.5,https://ftp.gnu.org/gnu/inetutils/inetutils-@.tar.xz,9e5a6dfd2d794dc056a770e8ad4a9263
Intltool,0.51.0,https://launchpad.net/intltool/trunk/0.51.0/+download/intltool-@.tar.gz,12e517cac2b57a0121cda351570f1e63
IPRoute2,6.7.0,https://www.kernel.org/pub/linux/utils/net/iproute2/iproute2-@.tar.xz,35d8277d1469596b7edc07a51470a033
Jinja2,3.1.3,https://pypi.org/packages/source/J/Jinja2/Jinja2-@.tar.gz,caf5418c851eac59e70a78d9730d4cea
Kbd,2.6.4,https://www.kernel.org/pub/linux/utils/kbd/kbd-@.tar.xz,e2fd7adccf6b1e98eb1ae8d5a1ce5762
Kmod,31,https://www.kernel.org/pub/linux/utils/kernel/kmod/kmod-@.tar.xz,6165867e1836d51795a11ea4762ff66a
Less,643,https://www.greenwoodsoftware.com/less/less-@.tar.gz,cf05e2546a3729492b944b4874dd43dd
LFS'-Bootscripts,20230728,https://www.linuxfromscratch.org/lfs/downloads/12.1/lfs-bootscripts-@.tar.xz,a236eaa9a1f699bc3fb6ab2acd7e7b6c
Libcap,2.69,https://www.kernel.org/pub/linux/libs/security/linux-privs/libcap2/libcap-@.tar.xz,4667bacb837f9ac4adb4a1a0266f4b65
Libffi,3.4.4,https://github.com/libffi/libffi/releases/download/v3.4.4/libffi-@.tar.gz,0da1a5ed7786ac12dcbaf0d499d8a049
Libpipeline,1.5.7,https://download.savannah.gnu.org/releases/libpipeline/libpipeline-@.tar.gz,1a48b5771b9f6c790fb4efdb1ac71342
Libtool,2.4.7,https://ftp.gnu.org/gnu/libtool/libtool-@.tar.xz,2fc0b6ddcd66a89ed6e45db28fa44232
Libxcrypt,4.4.36,https://github.com/besser82/libxcrypt/releases/download/v4.4.36/libxcrypt-@.tar.xz,b84cd4104e08c975063ec6c4d0372446
Linux,6.7.4,https://www.kernel.org/pub/linux/kernel/v6.x/linux-@.tar.xz,370e1b6155ae63133380e421146619e0
M4,1.4.19,https://ftp.gnu.org/gnu/m4/m4-@.tar.xz,0d90823e1426f1da2fd872df0311298d
Make,4.4.1,https://ftp.gnu.org/gnu/make/make-@.tar.gz,c8469a3713cbbe04d955d4ae4be23eeb
Man-DB,2.12.0,https://download.savannah.gnu.org/releases/man-db/man-db-@.tar.xz,67e0052fa200901b314fad7b68c9db27
Man-pages,6.06,https://www.kernel.org/pub/linux/docs/man-pages/man-pages-@.tar.xz,26b39e38248144156d437e1e10cb20bf
MarkupSafe,2.1.5,https://pypi.org/packages/source/M/MarkupSafe/MarkupSafe-@.tar.gz,8fe7227653f2fb9b1ffe7f9f2058998a
Meson,1.3.2,https://github.com/mesonbuild/meson/releases/download/1.3.2/meson-@.tar.gz,2d0ebd3a24249617b1c4d30026380cf8
MPC,1.3.1,https://ftp.gnu.org/gnu/mpc/mpc-@.tar.gz,5c9bc658c9fd0f940e8e3e0f09530c62
MPFR,4.2.1,https://ftp.gnu.org/gnu/mpfr/mpfr-@.tar.xz,523c50c6318dde6f9dc523bc0244690a
Ncurses,6.4-20230520,https://anduin.linuxfromscratch.org/LFS/ncurses-@.tar.xz,c5367e829b6d9f3f97b280bb3e6bfbc3
Ninja,1.11.1,https://github.com/ninja-build/ninja/archive/v1.11.1/ninja-@.tar.gz,32151c08211d7ca3c1d832064f6939b0
OpenSSL,3.2.1,https://www.openssl.org/source/openssl-@.tar.gz,c239213887804ba00654884918b37441
Patch,2.7.6,https://ftp.gnu.org/gnu/patch/patch-@.tar.xz,78ad9937e4caadcba1526ef1853730d5
Perl,5.38.2,https://www.cpan.org/src/5.0/perl-@.tar.xz,d3957d75042918a23ec0abac4a2b7e0a
Pkgconf,2.1.1,https://distfiles.ariadne.space/pkgconf/pkgconf-@.tar.xz,bc29d74c2483197deb9f1f3b414b7918
Procps,4.0.4,https://sourceforge.net/projects/procps-ng/files/Production/procps-ng-@.tar.xz,2f747fc7df8ccf402d03e375c565cf96
Psmisc,23.6,https://sourceforge.net/projects/psmisc/files/psmisc/psmisc-@.tar.xz,ed3206da1184ce9e82d607dc56c52633
Python,3.12.2,https://www.python.org/ftp/python/3.12.2/Python-@.tar.xz,e7c178b97bf8f7ccd677b94d614f7b3c
PythonDocumentation,3.12.2,https://www.python.org/ftp/python/doc/3.12.2/python-@-docs-html.tar.bz2,8a6310f6288e7f60c3565277ec3b5279
Readline,8.2,https://ftp.gnu.org/gnu/readline/readline-@.tar.gz,4aa1b31be779e6b84f9a96cb66bc50f6
Sed,4.9,https://ftp.gnu.org/gnu/sed/sed-@.tar.xz,6aac9b2dbafcd5b7a67a8a9bcb8036c3
Setuptools,69.1.0,https://pypi.org/packages/source/s/setuptools/setuptools-@.tar.gz,6f6eb780ce12c90d81ce243747ed7ab0
Shadow,4.14.5,https://github.com/shadow-maint/shadow/releases/download/4.14.5/shadow-@.tar.xz,452b0e59f08bf618482228ba3732d0ae
Sysklogd,1.5.1,https://www.infodrom.org/projects/sysklogd/download/sysklogd-@.tar.gz,c70599ab0d037fde724f7210c2c8d7f8
Systemd,255,https://github.com/systemd/systemd/archive/v255/systemd-@.tar.gz,521cda27409a9edf0370c128fae3e690
SystemdManPages,255,https://anduin.linuxfromscratch.org/LFS/systemd-man-pages-@.tar.xz,1ebe54d7a80f9abf8f2d14ddfeb2432d
Sysvinit,3.08,https://github.com/slicer69/sysvinit/releases/download/3.08/sysvinit-@.tar.xz,81a05f28d7b67533cfc778fcadea168c
Tar,1.35,https://ftp.gnu.org/gnu/tar/tar-@.tar.xz,a2d8042658cfd8ea939e6d911eaf4152
Tcl,8.6.13,https://downloads.sourceforge.net/tcl/tcl@-src.tar.gz,0e4358aade2f5db8a8b6f2f6d9481ec2
TclDocumentation,8.6.13,https://downloads.sourceforge.net/tcl/tcl@-html.tar.gz,4452f2f6d557f5598cca17b786d6eb68
Texinfo,7.1,https://ftp.gnu.org/gnu/texinfo/texinfo-@.tar.xz,edd9928b4a3f82674bcc3551616eef3b
TimeZoneData,2024a,https://www.iana.org/time-zones/repository/releases/tzdata@.tar.gz,2349edd8335245525cc082f2755d5bf4
Udev-lfsTarball,udev-lfs-20230818,https://anduin.linuxfromscratch.org/LFS/@.tar.xz,acd4360d8a5c3ef320b9db88d275dae6
Util-linux,2.39.3,https://www.kernel.org/pub/linux/utils/util-linux/v2.39/util-linux-@.tar.xz,f3591e6970c017bb4bcd24ae762a98f5
Vim,9.1.0041,https://github.com/vim/vim/archive/v9.1.0041/vim-@.tar.gz,79dfe62be5d347b1325cbd5ce2a1f9b3
Wheel,0.42.0,https://pypi.org/packages/source/w/wheel/wheel-@.tar.gz,802ad6e5f9336fcb1c76b7593f0cd22d
XML::Parser,2.47,https://cpan.metacpan.org/authors/id/T/TO/TODDR/XML-Parser-@.tar.gz,89a8e82cfd2ad948b349c0a69c494463
XzUtils,5.4.6,https://github.com/tukaani-project/xz/releases/download/v5.4.6/xz-@.tar.xz,7ade7bd1181a731328f875bec62a9377
Zlib,1.3.1,https://zlib.net/fossils/zlib-@.tar.gz,9855b6d802d7fe5b7bd5b196a2271655
Zstd,1.5.5,https://github.com/facebook/zstd/releases/download/v1.5.5/zstd-@.tar.gz,63251602329a106220e0a5ad26ba656f
"Bash Upstream Fixes Patch",5.2.21,https://www.linuxfromscratch.org/patches/lfs/12.1/bash-@-upstream_fixes-1.patch,2d1691a629c558e894dbb78ee6bf34ef
"Bzip2 Documentation Patch",1.0.8,https://www.linuxfromscratch.org/patches/lfs/12.1/bzip2-@-install_docs-1.patch,6a5ac7e89b791aae556de0f745916f7f
"Coreutils Internationalization Fixes Patch",9.4,https://www.linuxfromscratch.org/patches/lfs/12.1/coreutils-@-i18n-1.patch,cca7dc8c73147444e77bc45d210229bb
"Glibc FHS Patch",2.39,https://www.linuxfromscratch.org/patches/lfs/12.1/glibc-@-fhs-1.patch,9a5997c3452909b1769918c759eff8a2
"Kbd Backspace/Delete Fix Patch",2.6.4,https://www.linuxfromscratch.org/patches/lfs/12.1/kbd-@-backspace-1.patch,f75cca16a38da6caa7d52151f7136895
"Readline Upstream Fix Patch",8.2,https://www.linuxfromscratch.org/patches/lfs/12.1/readline-@-upstream_fixes-3.patch,9ed497b6cb8adcb8dbda9dee9ebce791
"Sysvinit Consolidated Patch",3.08,https://www.linuxfromscratch.org/patches/lfs/12.1/sysvinit-@-consolidated-1.patch,17ffccbb8e18c39e8cedc32046f3a475
